종목명,티커
삼성전자,005930.KS
SK하이닉스,000660.KS
LG에너지솔루션,373220.KS
삼성바이오로직스,207940.KS
현대차,005380.KS
셀트리온,068270.KS
기아,000270.KS
KB금융,105560.KS
POSCO홀딩스,005490.KS
신한지주,055550.KS
NAVER,035420.KS
삼성SDI,006400.KS
LG화학,051910.KS
삼성물산,028260.KS
현대모비스,012330.KS
포스코퓨처엠,003670.KS
삼성생명,032830.KS
메리츠금융지주,138040.KS
하나금융지주,086790.KS
HD현대중공업,329180.KS
카카오,035720.KS
고려아연,010130.KS
한화에어로스페이스,012450.KS
삼성화재,000810.KS
LG전자,066570.KS
크래프톤,259960.KS
KT&G,033780.KS
HD한국조선해양,009540.KS
한국전력,015760.KS
유한양행,000100.KS
HMM,011200.KS
LG,003550.KS
SK텔레콤,017670.KS
우리금융지주,316140.KS
SK이노베이션,096770.KS
두산에너빌리티,034020.KS
HD현대일렉트릭,267260.KS
SK스퀘어,402340.KS
기업은행,024110.KS
삼성에스디에스,018260.KS
SK,034730.KS
한미반도체,042700.KS
카카오뱅크,323410.KS
KT,030200.KS
삼성전기,009150.KS
포스코인터내셔널,047050.KS
한화오션,042660.KS
삼성중공업,010140.KS
SK바이오팜,326030.KS
현대글로비스,086280.KS
에코프로머티,450080.KS
DB손해보험,005830.KS
대한항공,003490.KS
아모레퍼시픽,090430.KS
하이브,352820.KS
S-Oil,010950.KS
현대로템,064350.KS
HD현대,267250.KS
SKC,011790.KS
한진칼,180640.KS
LG생활건강,051900.KS
LIG넥스원,079550.KS
LG디스플레이,034220.KS
한국항공우주,047810.KS
미래에셋증권,006800.KS
맥쿼리인프라,088980.KS
넷마블,251270.KS
코웨이,021240.KS
HD현대마린솔루션,443060.KS
삼성카드,029780.KS
LG이노텍,011070.KS
LS ELECTRIC,010120.KS
한국타이어앤테크놀로지,161390.KS
포스코DX,022100.KS
NH투자증권,005940.KS
현대오토에버,307950.KS
삼성E&A,028050.KS
LG유플러스,032640.KS
롯데케미칼,011170.KS
엘앤에프,066970.KS
CJ제일제당,097950.KS
SK바이오사이언스,302440.KS
엔씨소프트,036570.KS
한국가스공사,036460.KS
한국금융지주,071050.KS
한미약품,128940.KS
금호석유,011780.KS
코스모신소재,005070.KS
한화솔루션,009830.KS
HD현대미포,010620.KS
두산밥캣,241560.KS
두산로보틱스,454910.KS
GS,078930.KS
삼성증권,016360.KS
삼양식품,003230.KS
LS,006260.KS
오리온,271560.KS
현대제철,004020.KS
시프트업,462870.KS
효성중공업,298040.KS
강원랜드,035250.KS
카카오페이,377300.KS
키움증권,039490.KS
금양,001570.KS
현대건설,000720.KS
CJ,001040.KS
한화시스템,272210.KS
JB금융지주,175330.KS
BNK금융지주,138930.KS
현대해상,001450.KS
두산,000150.KS
씨에스윈드,112610.KS
SK아이이테크놀로지,361610.KS
F&F,383220.KS
한전기술,052690.KS
휠라홀딩스,081660.KS
이수페타시스,007660.KS
KCC,002380.KS
롯데지주,004990.KS
한화생명,088350.KS
대한전선,001440.KS
농심,004370.KS
에스원,012750.KS
한미사이언스,008930.KS
한올바이오파마,009420.KS
GS리테일,007070.KS
한화인더스트리얼솔루션즈,489790.KS
제일기획,030000.KS
에이피알,278470.KS
한온시스템,018880.KS
한화,000880.KS
아모레G,002790.KS
CJ대한통운,000120.KS
동서,026960.KS
팬오션,028670.KS
한전KPS,051600.KS
풍산,103140.KS
영원무역,111770.KS
HL만도,204320.KS
BGF리테일,282330.KS
DB하이텍,000990.KS
녹십자,006280.KS
호텔신라,008770.KS
롯데에너지머티리얼즈,020150.KS
롯데쇼핑,023530.KS
이수스페셜티케미컬,457190.KS
대우건설,047040.KS
대웅제약,069620.KS
이마트,139480.KS
한국콜마,161890.KS
코스맥스,192820.KS
SK가스,018670.KS
대웅,003090.KS
에스엘,005850.KS
GS건설,006360.KS
오뚜기,007310.KS
동원시스템즈,014820.KS
현대엘리베이,017800.KS
한국앤컴퍼니,000240.KS
SK리츠,395400.KS
하이트진로,000080.KS
신영증권,001720.KS
코리안리,003690.KS
신세계,004170.KS
현대위아,011210.KS
더존비즈온,012510.KS
한솔케미칼,014680.KS
HD현대인프라코어,042670.KS
산일전기,062040.KS
DGB금융지주,139130.KS
종근당,185750.KS
롯데웰푸드,280360.KS
HDC현대산업개발,294870.KS
DL이앤씨,375500.KS
LX인터내셔널,001120.KS
HS효성첨단소재,298050.KS
두산퓨얼셀,336260.KS
금호타이어,073240.KS
한화엔진,082740.KS
영원무역홀딩스,009970.KS
OCI홀딩스,010060.KS
롯데칠성,005300.KS
동원산업,006040.KS
DN오토모티브,007340.KS
한샘,009240.KS
태영건설,009410.KS
TCC스틸,002710.KS
롯데정밀화학,004000.KS
효성티앤씨,298020.KS
에스디바이오센서,137310.KS
SK네트웍스,001740.KS
솔루엠,248070.KS
HD현대건설기계,267270.KS
한일시멘트,300720.KS
솔루스첨단소재,336370.KS
CJ CGV,079160.KS
동양생명,082640.KS
미래에셋생명,085620.KS
롯데렌탈,089860.KS
일진전기,103590.KS
LX세미콘,108320.KS
코오롱인더,120110.KS
파라다이스,034230.KS
현대백화점,069960.KS
경동나비엔,009450.KS
세방전지,004490.KS
코스모화학,005420.KS
오리온홀딩스,001800.KS
미원상사,002840.KS
KG모빌리티,003620.KS
ESR켄달스퀘어리츠,365550.KS
DI동일,001530.KS
더블유게임즈,192080.KS
덴티움,145720.KS
세아베스틸지주,001430.KS
이노션,214320.KS
LS에코에너지,229640.KS
일진하이솔루스,271940.KS
케이씨텍,281820.KS
SK케미칼,285130.KS
대덕전자,353200.KS
제주항공,089590.KS
티웨이항공,091810.KS
SK오션플랜트,100090.KS
다우기술,023590.KS
한국단자,025540.KS
롯데관광개발,032350.KS
하나투어,039130.KS
TKG휴켐스,069260.KS
효성,004800.KS
녹십자홀딩스,005250.KS
삼아알미늄,006110.KS
대한유화,006650.KS
대신증권,003540.KS
SNT다이내믹스,003570.KS
보령,003850.KS
롯데리츠,330590.KS
DL,000210.KS
쿠쿠홀딩스,192400.KS
케이카,381970.KS
대상,001680.KS
쏘카,403550.KS
OCI,456040.KS
SK이터닉스,475150.KS
삼양사,145990.KS
애경케미칼,161000.KS
동아에스티,170900.KS
PI첨단소재,178920.KS
NHN,181710.KS
드림텍,192650.KS
화승엔터프라이즈,241590.KS
미원에스씨,268280.KS
진에어,272450.KS
KCC글라스,344820.KS
HD현대마린엔진,071970.KS
비에이치,090460.KS
후성,093370.KS
한세실업,105630.KS
GKL,114090.KS
아시아나항공,020560.KS
NICE평가정보,030190.KS
교보증권,030610.KS
동원F&B,049770.KS
현대홈쇼핑,057050.KS
SNT모티브,064960.KS
지역난방공사,071320.KS
명신산업,009900.KS
아이에스동서,010780.KS
HDC,012630.KS
유니드,014830.KS
KG스틸,016380.KS
E1,017940.KS
한국카본,017960.KS
신풍제약,019170.KS
빙그레,005180.KS
현대지에프홀딩스,005440.KS
대한해운,005880.KS
SK디스커버리,006120.KS
카프로,006380.KS
F&F홀딩스,007700.KS
율촌화학,008730.KS
아세아,002030.KS
넥센타이어,002350.KS
세아제강지주,003030.KS
태광산업,003240.KS
유안타증권,003470.KS
한화투자증권,003530.KS
신한알파리츠,293940.KS
제이알글로벌리츠,348950.KS
삼양홀딩스,000070.KS
한화손해보험,000370.KS
롯데손해보험,000400.KS
동아쏘시오홀딩스,000640.KS
영풍,000670.KS
JW중외제약,001060.KS
백광산업,001340.KS
LX홀딩스,383800.KS
한국화장품제조,003350.KS
영진약품,003520.KS
남양유업,003920.KS
사조대림,003960.KS
송원산업,004430.KS
이리츠코크렙,088260.KS
코람코라이프인프라리츠,357120.KS
KB스타리츠,432320.KS
삼성FN리츠,448730.KS
삼일제약,000520.KS
유진투자증권,001200.KS
GS글로벌,001250.KS
바이오노트,377740.KS
현대그린푸드,453340.KS
동국제강,460860.KS
한전산업,130660.KS
아세아시멘트,183190.KS
해성디에스,195870.KS
서연이화,200880.KS
일동제약,249420.KS
쿠쿠홈시스,284740.KS
롯데이노베이트,286940.KS
세아제강,306200.KS
농심홀딩스,072710.KS
세진중공업,075580.KS
STX엔진,077970.KS
대한제강,084010.KS
대상홀딩스,084690.KS
LF,093050.KS
이아이디,093230.KS
엠씨넥스,097520.KS
한국철강,104700.KS
LX하우시스,108670.KS
락앤락,115390.KS
한국자산신탁,123890.KS
현대퓨처넷,126560.KS
한섬,020000.KS
남해화학,025860.KS
스틱인베스트먼트,026890.KS
BGF,027410.KS
신도리코,029530.KS
신세계인터내셔날,031430.KS
자화전자,033240.KS
유나이티드제약,033270.KS
NICE,034310.KS
SNT홀딩스,036530.KS
세아홀딩스,058650.KS
HL홀딩스,060980.KS
삼화전기,009470.KS
화신,010690.KS
한농화성,011500.KS
신성이엔지,011930.KS
지누스,013890.KS
퍼시스,016800.KS
풀무원,017810.KS
DS단석,017860.KS
애경산업,018250.KS
삼천리,004690.KS
조광피혁,004700.KS
SGC에너지,005090.KS
신성통상,005390.KS
SPC삼립,005610.KS
파미셀,005690.KS
풍산홀딩스,005810.KS
사조산업,007160.KS
에이프로젠,007460.KS
삼화콘덴서,001820.KS
KISCO홀딩스,001940.KS
고려제강,002240.KS
아세아제지,002310.KS
한국쉘석유,002960.KS
부광약품,003000.KS
디아이,003160.KS
대원제약,003220.KS
흥아해운,003280.KS
한일홀딩스,003300.KS
코오롱모빌리티그룹,450140.KS
한화갤러리아,452260.KS
동국씨엠,460850.KS
조선내화,462520.KS
HS효성,487570.KS
대성산업,128820.KS
미원화학,134380.KS
선진,136490.KS
코오롱ENP,138490.KS
아주스틸,139990.KS
동일고무벨트,163560.KS
제이에스코퍼레이션,194370.KS
디와이파워,210540.KS
SK디앤디,210980.KS
한솔제지,213500.KS
금호에이치티,214330.KS
경보제약,214390.KS
토니모리,214420.KS
잇츠한불,226320.KS
JW생명과학,234080.KS
샘표식품,248170.KS
크라운제과,264900.KS
경동도시가스,267290.KS
아시아나IDT,267850.KS
제일약품,271980.KS
삼양패키징,272550.KS
하나제약,293480.KS
효성화학,298000.KS
에어부산,298690.KS
자이에스앤디,317400.KS
HD현대에너지솔루션,322000.KS
교촌에프앤비,339770.KS
티와이홀딩스,363280.KS
한컴라이프케어,372910.KS
이엔플러스,074610.KS
유니퀘스트,077500.KS
에이블씨엔씨,078520.KS
현대리바트,079430.KS
전진건설로봇,079900.KS
휴비스,079980.KS
일진다이아,081000.KS
그린케미칼,083420.KS
이월드,084680.KS
HDC현대EP,089470.KS
노루페인트,090350.KS
디아이씨,092200.KS
KEC,092220.KS
KPX홀딩스,092230.KS
넥스틸,092790.KS
효성ITX,094280.KS
AJ네트웍스,095570.KS
웅진씽크빅,095720.KS
JW홀딩스,096760.KS
HJ중공업,097230.KS
진양홀딩스,100250.KS
SNT에너지,100840.KS
해태제과식품,101530.KS
동성케미컬,102260.KS
이연제약,102460.KS
우진,105840.KS
미원홀딩스,107590.KS
주성코퍼레이션,109070.KS
동인기연,111380.KS
대성에너지,117580.KS
조선선재,120030.KS
아이마켓코리아,122900.KS
한국화장품,123690.KS
수산인더스트리,126720.KS
키다리스튜디오,020120.KS
삼원강재,023000.KS
동남합성,023450.KS
인지컨트롤스,023800.KS
디씨엠,024090.KS
콜마홀딩스,024720.KS
덕양산업,024900.KS
KPX케미칼,025000.KS
이구산업,025820.KS
한국제지,027970.KS
동아지질,028100.KS
케이씨,029460.KS
다올투자증권,030210.KS
신세계푸드,031440.KS
KH 필룩스,033180.KS
SJG세종,033530.KS
무학,033920.KS
SBS,034120.KS
신세계건설,034300.KS
인천도시가스,034590.KS
한국토지신탁,034830.KS
HS애드,035000.KS
백산,035150.KS
신세계 I&C,035510.KS
콘텐트리중앙,036420.KS
YG PLUS,037270.KS
LG헬로비전,037560.KS
광주신세계,037710.KS
HDC랩스,039570.KS
KSS해운,044450.KS
스카이라이프,053210.KS
한미글로벌,053690.KS
포스코스틸리온,058430.KS
KTcs,058850.KS
종근당바이오,063160.KS
삼성출판사,068290.KS
모나용평,070960.KS
롯데하이마트,071840.KS
무림P&P,009580.KS
모토닉,009680.KS
한국무브넥스,010100.KS
에스엠벡셀,010580.KS
퍼스텍,010820.KS
진원생명과학,011000.KS
CJ씨푸드,011150.KS
태림포장,011280.KS
유니켐,011330.KS
와이투솔루션,011690.KS
한신기계,011700.KS
현대코퍼레이션,011760.KS
STX,011810.KS
DB,012030.KS
경동인베스트,012320.KS
청호ICT,012600.KS
경인양행,012610.KS
모나리자,012690.KS
대창,012800.KS
디와이,013570.KS
계룡건설,013580.KS
대영포장,014160.KS
금강공업,014280.KS
극동유화,014530.KS
태경비케이,014580.KS
사조씨푸드,014710.KS
대창단조,015230.KS
예스코홀딩스,015360.KS
일진홀딩스,015860.KS
태경산업,015890.KS
한세예스24홀딩스,016450.KS
환인제약,016580.KS
신대양제지,016590.KS
DB금융투자,016610.KS
대성홀딩스,016710.KS
두올,016740.KS
우신시스템,017370.KS
서울가스,017390.KS
수산중공업,017550.KS
광전자,017900.KS
조일알미늄,018470.KS
세아특수강,019440.KS
하이트론,019490.KS
대교,019680.KS
현대비앤지스틸,004560.KS
한솔테크닉스,004710.KS
덕성,004830.KS
신라교역,004970.KS
성신양회,004980.KS
휴스틸,005010.KS
한국공항,005430.KS
삼진제약,005500.KS
삼영전자,005680.KS
넥센,005720.KS
휴니드,005870.KS
이수화학,005950.KS
화승인더,006060.KS
제주은행,006220.KS
대원전선,006340.KS
한일현대시멘트,006390.KS
인스코비,006490.KS
AK홀딩스,006840.KS
태경케미컬,006890.KS
일신석재,007110.KS
벽산,007210.KS
샘표,007540.KS
일양약품,007570.KS
국도화학,007690.KS
코리아써키트,007810.KS
서연,007860.KS
사조동아원,008040.KS
대덕,008060.KS
대동전자,008110.KS
NI스틸,008260.KS
남선알미늄,008350.KS
서흥,008490.KS
동양철관,008970.KS
KCTC,009070.KS
SIMPAC,009160.KS
신원,009270.KS
광동제약,009290.KS
대한제당,001790.KS
코오롱,002020.KS
경농,002100.KS
도화엔지니어링,002150.KS
삼양통상,002170.KS
한국수출포장,002200.KS
동성제약,002210.KS
한진,002320.KS
한독,002390.KS
조흥,002600.KS
제일파마홀딩스,002620.KS
신일전자,002700.KS
국제약품,002720.KS
진흥기업,002780.KS
삼영무역,002810.KS
TYM,002900.KS
금호건설,002990.KS
에이프로젠바이오로직스,003060.KS
코오롱글로벌,003070.KS
일성아이에스,003120.KS
일신방직,003200.KS
유화증권,003460.KS
HLB글로벌,003580.KS
방림,003610.KS
미창석유,003650.KS
삼영,003720.KS
대한화섬,003830.KS
신흥,004080.KS
한국석유,004090.KS
태양금속,004100.KS
동방,004140.KS
NPC,004250.KS
현대약품,004310.KS
세방,004360.KS
삼익THK,004380.KS
이지스밸류리츠,334890.KS
이지스레지던스리츠,350520.KS
디앤디플랫폼리츠,377190.KS
미래에셋글로벌리츠,396690.KS
NH올원리츠,400760.KS
신한서부티엔디리츠,404990.KS
코람코더원리츠,417310.KS
한화리츠,451800.KS
신한글로벌액티브리츠,481850.KS
동화약품,000020.KS
경방,000050.KS
하이트진로홀딩스,000140.KS
성창기업지주,000180.KS
노루홀딩스,000320.KS
삼화페인트,000390.KS
대원강업,000430.KS
CR홀딩스,000480.KS
대동,000490.KS
가온전선,000500.KS
흥국화재,000540.KS
LS네트웍스,000680.KS
유수홀딩스,000700.KS
강남제비스코,000860.KS
한국주철관,000970.KS
페이퍼코리아,001020.KS
만호제강,001080.KS
대한제분,001130.KS
동국홀딩스,001230.KS
부국증권,001270.KS
삼성제약,001360.KS
SG글로벌,001380.KS
KG케미칼,001390.KS
BYC,001460.KS
삼부토건,001470.KS
현대차증권,001500.KS
SK증권,001510.KS
동양,001520.KS
종근당홀딩스,001630.KS
한양증권,001750.KS
알루코,001780.KS
SJM,123700.KS
인터지스,129260.KS
화인베스틸,133820.KS
시디즈,134790.KS
핸즈코퍼레이션,143210.KS
다이나믹디자인,145210.KS
DSR,155660.KS
현대코퍼레이션홀딩스,227840.KS
에이플러스에셋,244920.KS
씨티알모빌리티,308170.KS
화승알앤에이,378850.KS
유니드비티플러스,446070.KS
STX그린로지스,465770.KS
이스타코,015020.KS
에이엔피,015260.KS
KIB플러그에너지,015590.KS
대현,016090.KS
웅진,016880.KS
광명전기,017040.KS
명문제약,017180.KS
동원금속,018500.KS
티에이치엔,019180.KS
일진디스플,020760.KS
서원,021050.KS
세원정공,021820.KS
MH에탄올,023150.KS
한국종합기술,023350.KS
인팩,023810.KS
에쓰씨엔지니어링,023960.KS
WISCOM,024070.KS
대원화성,024890.KS
SJM홀딩스,025530.KS
미래산업,025560.KS
제이준코스메틱,025620.KS
한솔홈데코,025750.KS
한국주강,025890.KS
부국철강,026940.KS
마니커,027740.KS
동원수산,030720.KS
콤텍시스템,031820.KS
황금에스티,032560.KS
체시스,033250.KS
팜스코,036580.KS
상신브레이크,041650.KS
주연테크,044380.KS
코스맥스비티아이,044820.KS
유니온머티리얼,047400.KS
우진플라임,049800.KS
진양화학,051630.KS
테이팩스,055490.KS
다스코,058730.KS
KTis,058860.KS
세이브존I&C,067830.KS
대호에이엘,069460.KS
한세엠케이,069640.KS
DSR제강,069730.KS
하이스틸,071090.KS
코아스,071950.KS
유엔젤,072130.KS
새론오토모티브,075180.KS
텔코웨어,078000.KS
동양고속,084670.KS
TBH글로벌,084870.KS
엔케이,085310.KS
진도,088790.KS
평화산업,090080.KS
메타랩스,090370.KS
세원이앤씨,091090.KS
기신정기,092440.KS
동양피스톤,092780.KS
형지엘리트,093240.KS
비상교육,100220.KS
인바이오젠,101140.KS
쌍방울,102280.KS
호전실업,111110.KS
메타케어,118000.KS
KC코트렐,119650.KS
한창,005110.KS
국동,005320.KS
모나미,005360.KS
크라운해태홀딩스,005740.KS
대림B&Co,005750.KS
신영와코루,005800.KS
원림,005820.KS
동부건설,005960.KS
사조오양,006090.KS
한국전자홀딩스,006200.KS
대구백화점,006370.KS
대림통상,006570.KS
삼성공조,006660.KS
영풍제지,006740.KS
신송홀딩스,006880.KS
우성,006980.KS
미래아이앤지,007120.KS
한국특강,007280.KS
동방아그로,007590.KS
선도전기,007610.KS
TP,007980.KS
이건산업,008250.KS
문배철강,008420.KS
일정실업,008500.KS
윌비스,008600.KS
아남전자,008700.KS
금비,008870.KS
경인전자,009140.KS
한솔로지스틱스,009180.KS
대양금속,009190.KS
무림페이퍼,009200.KS
참엔지니어링,009310.KS
대우부품,009320.KS
KC그린홀딩스,009440.KS
한창제지,009460.KS
삼정펄프,009770.KS
플레이그램,009810.KS
한국내화,010040.KS
우진아이엔에스,010400.KS
한솔PNS,010420.KS
웰바이오텍,010600.KS
진양폴리,010640.KS
화천기계,010660.KS
평화홀딩스,010770.KS
삼호개발,010960.KS
에넥스,011090.KS
삼화전자,011230.KS
성안머티리얼스,011300.KS
부산산업,011390.KS
갤럭시아에스엠,011420.KS
영흥,012160.KS
아센디오,012170.KS
계양전기,012200.KS
영화금속,012280.KS
세우글로벌,013000.KS
일성건설,013360.KS
화승코퍼레이션,013520.KS
까뮤이앤씨,013700.KS
지엠비코리아,013870.KS
한익스프레스,014130.KS
영보화학,014440.KS
HL D&I,014790.KS
성문전자,014910.KS
인디에프,014990.KS
에이리츠,140910.KS
케이탑리츠,145270.KS
스타에스엠리츠,204210.KS
NH프라임리츠,338100.KS
미래에셋맵스리츠,357250.KS
마스턴프리미어리츠,357430.KS
KR모터스,000040.KS
유유제약,000220.KS
일동홀딩스,000230.KS
대유플러스,000300.KS
CS홀딩스,000590.KS
천일고속,000650.KS
이화산업,000760.KS
화천기공,000850.KS
보해양조,000890.KS
유니온,000910.KS
전방,000950.KS
대한방직,001070.KS
국보,001140.KS
금호전기,001210.KS
남광토건,001260.KS
상상인증권,001290.KS
태원물산,001420.KS
조비,001550.KS
제일연마,001560.KS
케이비아이동국실업,001620.KS
SHD,001770.KS
비비안,002070.KS
고려산업,002140.KS
한일철강,002220.KS
SH에너지화학,002360.KS
범양건영,002410.KS
세기상사,002420.KS
삼익악기,002450.KS
HS화성,002460.KS
오리엔트바이오,002630.KS
동일제강,002690.KS
보락,002760.KS
SUN&L,002820.KS
신풍,002870.KS
대유에이텍,002880.KS
유성기업,002920.KS
혜인,003010.KS
성보화학,003080.KS
한진중공업홀딩스,003480.KS
IHQ,003560.KS
한성기업,003680.KS
진양산업,003780.KS
SG세계물산,004060.KS
한솔홀딩스,004150.KS
남성,004270.KS
서울식품,004410.KS
삼일씨엔에스,004440.KS
삼화왕관,004450.KS
깨끗한나라,004540.KS
팜젠사이언스,004720.KS
써니전자,004770.KS
DRB동일,004840.KS
티웨이홀딩스,004870.KS
동일산업,004890.KS
조광페인트,004910.KS
씨아이테크,004920.KS
한신공영,004960.KS
부산주공,005030.KS